Eix;Nom de l'eix;Codi;Activitat;Descripció;Text dels plecs;Eines a integrar o interoperar;Imprescindible
Eix 1;Implementar la carpeta social;1.1;Accés autenticat a l'aplicació web;No informat;No informat;Identificació digital (idCAT, Cl@ve) - Integració amb VALid - Es fa servir a la seu i a tràmits;Sí
Eix 1;Implementar la carpeta social;1.2;Auto-obertura de la carpeta social;Permet que qualsevol ciutadà empadronat a Mataró, mitjançant identificació digital, pugui obrir un expedient social personal.;Auto-obertura de l’expedient social a través d’identificació digital.;No informat;Sí
Eix 1;Implementar la carpeta social;1.3;Edició i modificació de dades personals;Els usuaris poden modificar dades com telèfon, correu electrònic, adreça i fotografia.;Edició i modificació de dades personals dins la Carpeta Social.;Integració territori i persones;Sí
Eix 1;Implementar la carpeta social;1.4.1;Accés a documents personals del DMS;Consulta i descàrrega de documents propis i sol·licituds registrades en l’expedient.;Accés a documents personals emmagatzemats a la Carpeta Social.;Accés al gestor de documents (DMS);Sí
Eix 1;Implementar la carpeta social;1.4.2;Accés a documents personals a GTM;Consulta i descàrrega de documents propis pujats a GTM. Caldrà revisar si es viable depenent de com s'identifiquin els documents a GTM, ja sigui via el codi de procés o les seves metadades.;Accés a documents personals emmagatzemats a la Carpeta Social.;Accés al gestor de documents (DMS);No
Eix 1;Implementar la carpeta social;1.5.1;Consulta de l’estat de tràmits plataforma Ajuntament;Els usuaris poden veure l’estat dels tràmits iniciats i la informació del professional referent.;Consulta de l’estat de tràmits i gestions de Serveis Socials.;Plataforma de tràmits corporativa;Sí
Eix 1;Implementar la carpeta social;1.5.2;Consulta de l’estat de tràmits/expedients plataforma GTM;Els usuaris poden veure l’estat dels tràmits iniciats i la informació del professional referent.;Consulta de l’estat de tràmits i gestions de Serveis Socials.;Plataforma d'expedients GTM;Sí
Eix 1;Implementar la carpeta social;1.6;Sol·licitud de cita prèvia;Permet demanar cita amb Serveis Socials o altres organismes vinculats.;Sol·licitud de cita prèvia amb serveis socials i altres organismes.;Gestió de calendari - Integració amb Gestorn;Sí
Eix 1;Implementar la carpeta social;1.7;Agenda personal integrada;Gestió de cites, tallers, terminis de requeriments i caducitat de recursos.;Agenda personal integrada dins la Carpeta Social.;Gestió de calendari;Sí
Eix 1;Implementar la carpeta social;1.8;Notificacions i comunicació telemàtica;Bústia personal per rebre i enviar missatges amb el referent social o el servei en general.;Comunicació telemàtica i notificacions dins la Carpeta Social.;Sistema de notificacions SMS/email - No es fa ús;Sí
Eix 1;Implementar la carpeta social;1.9;Multi-idioma;Interfície disponible inicialment en català i castellà, amb possibilitat d’ampliació.;La interfície d’usuari suportarà múltiples idiomes.;No contempla integracions;No informat
Eix 1;Implementar la carpeta social;1.10;Creació de l'entorn Apache/TOMCAT;Implementats els tres entorns:desenvolupament, preproducció i producció. Creació de la cel·la on desplegar l'aplicació basada en Javascript i Angular;No informat;No informat;Sí
Eix 1;Implementar la carpeta social;1.11;Implementació del sistema de control de versions;Sistema SVN de versionat corporatiu;No informat;No informat;Sí
Eix 1;Implementar la carpeta social;1.12;Adequació l'Esquema Nacional de Seguretat;Tema sobrevingut d'adequació a l'ENS: definició dels entorns de treball (desenvolupament, preproducció i producció), accés segur als servidors i gestió de credencials;No informat;No informat;Sí
Eix 1;Implementar la carpeta social;1.13;Prova pilot;No informat;No informat;No informat;Sí
Eix 2;Integració de totes les aplicacions d'ús tècnic i administratiu;2.1;Revisió funcionalitats de SocialMat;Revisió de les funcionalitats de l'aplicació SocialMat;Implementació de canvis en l'aplicació existent SocialMat en base a un anàlisi previ ja realitzat;Oracle APEX;Sí
Eix 2;Integració de totes les aplicacions d'ús tècnic i administratiu;2.1.1;Autenticació corporativa i LDAP corporatiu;Autenticació amb l'autenticació via  corporativa;No informat;Directori actiu i seguretat corporativa;Sí
Eix 2;Integració de totes les aplicacions d'ús tècnic i administratiu;2.2;Interoperabilitat aplicacions APEX actuals;Accedir a les aplicacions APEX existents de forma transparent sense tornar a validar. L'aplicació comparteix Workspace per permetre la integració màxima amb l'ecosistema actual d'aplicacions de l'àmbit social desenvolupades sobre APEX.;Garantir la interoperabilitat de Social360 amb les aplicacions desenvolupades sobre Apex;eSAD, EAIA, històrics, Sensellarisme,emergència habitatge, registre entrada edificis, reserva espais, Oficina Cures;Sí
Eix 2;Integració de totes les aplicacions d'ús tècnic i administratiu;2.2.1;eSAD;Aplicació en producció;No informat;No informat;Sí
Eix 2;Integració de totes les aplicacions d'ús tècnic i administratiu;2.2.2;EAIA;Aplicació en producció;No informat;No informat;Sí
Eix 2;Integració de totes les aplicacions d'ús tècnic i administratiu;2.2.3;Històric de Benestar Social;Aplicació en producció;No informat;No informat;Sí
Eix 2;Integració de totes les aplicacions d'ús tècnic i administratiu;2.2.4;Sensellarisme;Aplicació en producció;No informat;No informat;Sí
Eix 2;Integració de totes les aplicacions d'ús tècnic i administratiu;2.2.5;Emergència Habitacional;Aplicació en producció;No informat;No informat;Sí
Eix 2;Integració de totes les aplicacions d'ús tècnic i administratiu;2.2.6;Registre Entrada Edificis;Aplicació en producció;No informat;No informat;Sí
Eix 2;Integració de totes les aplicacions d'ús tècnic i administratiu;2.2.7;Reserva Espais;Aplicació en producció;No informat;No informat;Sí
Eix 2;Integració de totes les aplicacions d'ús tècnic i administratiu;2.2.8;Oficina Cures;Aplicació en producció;No informat;No informat;Sí
Eix 2;Integració de totes les aplicacions d'ús tècnic i administratiu;2.3;Espai de diagnosi social individual, familiar i comunitari;Eina per avaluació i diagnosi de situacions individuals, familiars i comunitàries amb tests digitalitzats.;Espai per realitzar diagnòstics digitals dins l’expedient social.;Dependria de l'eina (a revisar) / No contempla;Sí
Eix 2;Integració de totes les aplicacions d'ús tècnic i administratiu;2.4;Espai de registre i seguiment d’intervencions individuals, familiars, grupals i comunitàries;Eina per documentar i fer seguiment d’intervencions en expedients individuals, familiars o grupals.;Registre d’intervencions tècniques dins l’expedient social.;No contempla integracions;Sí
Eix 2;Integració de totes les aplicacions d'ús tècnic i administratiu;2.5;Espais de treball integral entre diferents agents socials;Accés compartit per a agents socials externs (sanitat, ocupació, seguretat, etc.) amb informació limitada.;Accés restringit per a agents externs per a la consulta i introducció de dades.;Accés web amb perfils restringits, API REST;Sí
Eix 2;Integració de totes les aplicacions d'ús tècnic i administratiu;2.6;Gestió i control de serveis externalitzats;Eina per facilitar la introducció de dades de serveis prestats per entitats externes.;Control i introducció de dades per part d’empreses externes.;Portal de gestió per a entitats externes, API REST;Sí
Eix 2;Integració de totes les aplicacions d'ús tècnic i administratiu;2.7;Biblioteca documental;Repositori centralitzat per als documents generats durant la intervenció social.;Espai de documents vinculats a l’expedient social.;Gestor documental (DMS);Sí
Eix 2;Integració de totes les aplicacions d'ús tècnic i administratiu;2.8;Comunicació i notificacions amb persones usuàries;Sistema integrat per enviar notificacions o missatges als usuaris de Serveis Socials.;Enviament de notificacions telemàtiques als usuaris.;Sistema de notificacions SMS/email, API REST;Sí
Eix 2;Integració de totes les aplicacions d'ús tècnic i administratiu;2.9;Autoritzacions i permisos per rols;Gestió de les autoritzacions des diferents rols;Integració amb el sistema de login del Departament de Drets Socials.;SSO (Single Sign-On), LDAP, OAuth2;Sí
Eix 2;Integració de totes les aplicacions d'ús tècnic i administratiu;2.10;Registre d’activitat i traçabilitat;Logs de sistema per auditar accessos i modificacions a les dades.;Traçabilitat d’accessos i modificacions per seguretat.;Logs centralitzats, SIEM (Security Information and Event Management);Sí
Eix 2;Integració de totes les aplicacions d'ús tècnic i administratiu;2.11;Serveis en el núvol;No informat;L'empresa adjudicatària prepararà Social360 per a una eventual migració al núvol, prioritzant la portabilitat i la compatibilitat entre diferents plataformes del núvol;No informat;No informat
Eix 3;Garantir la interoperabilitat;;Bus de serveis;Arquitectura preparada que caldrà adaptar en funció del proveïdor;Garantir que el bus de serveis estigui adequadament integrat amb els sistemes existents, incloent;No informat;Sí
Eix 3;Garantir la interoperabilitat;3.1;Bus de serveis - Integració de sistemes 1;No informat;No informat;Via Oberta;Sí
Eix 3;Garantir la interoperabilitat;3.2;Bus de serveis - Integració de sistemes 2;No informat;No informat;Jade;No
Eix 3;Garantir la interoperabilitat;3.3;Bus de serveis - Integració de sistemes 3;No informat;No informat;Gestorn;Sí
Eix 3;Garantir la interoperabilitat;3.4;Bus de serveis - Integració de sistemes 4;No informat;No informat;eQualiment;No
Eix 3;Garantir la interoperabilitat;3.5;Bus de serveis - Integració de sistemes 5;No informat;No informat;Teleassistència;No
Eix 3;Garantir la interoperabilitat;3.6;Bus de serveis - Integració de sistemes 6;No informat;No informat;GTM/portasignatures;No
Eix 3;Garantir la interoperabilitat;3.7;Bus de serveis - Integració de sistemes 7;No informat;No informat;GEMA;No
Eix 3;Garantir la interoperabilitat;3.8;Bus de serveis - Integració de sistemes 8;No informat;No informat;Tràmits;No
Eix 4;Informes i quadres de comandament;4.1;Informes i memòries automatitzats;Possibilitat de recollir dades tematitzades i agilitzar la generació d’informes de servei mitjançant indicadors predefinits.;Elaboració d’informes temàtics i memòries de servei automatitzats: Aquesta funció implicaria la possibilitat de recollir i incorporar dades tematitzades en un informe tipus, així com l’agilització de l’elaboració de memòries de servei, a partir de l’establiment d’indicadors i la recollida i presentació de les dades.;No informat;Sí
Eix 4;Informes i quadres de comandament;4.2;Extracció automàtica d’indicadors;Extracció automatitzada de les dades requerides per RUDEL, GABSS i CCI, minimitzant temps i errors en el traspàs i seguiment.;Extracció automatitzada de d’indicadors RUDEL, GABSS I CCI. Implicaria l’extracció automatitzada dels diferents indicadors que es demanen a través de RUDEL, GABSS i Cercles de Comparació Intermunicipal, minimitzant el temps de gestió destinat actualment a aquesta tasca, i afavorint la reducció d’errors en el traspàs de dades entre municipi i organismes supramunicipals, així com el seguiment de les dades incorporades cada any.;No informat;Sí
Eix 4;Informes i quadres de comandament;4.3;Quadres de Comandament intel·ligents;Disseny de quadres interactius amb algoritmes de rastreig i anàlisi descriptiva, incloent-hi “indicadors d’alarma” per a la presa de decisions.;Creació de Quadres de Comandament Intel·ligents. Disseny i creació de quadres de comandament intel·ligents no estàtics, que facilitin, a través d’algoritmes de rastreig i anàlisi descriptiu de dades al sistema d’informació, incorporar «indicadors d’alarma» com a mecanismes informatiu clau en la gestió i presa de decisions sobre polítiques públiques.;No informat;Sí
Eix 4;Informes i quadres de comandament;4.4;Anàlisi descriptiva de dades;Espai per a l’explotació de dades massives i la incorporació, total o parcial, d’IA per analitzar relacions entre variables socials i de context.;Espais d’anàlisi i explotació de dades de caràcter descriptius. Implicaria la possibilitat de disposar d’un espai d’anàlisi descriptiu i explotació massiva de les dades bàsiques sobre les principals variables socials que es trobin incorporades als expedients individuals i familiars, així com dels registres d’intervenció individual, familiar i comunitari. Tanmateix, el desenvolupament d’anàlisis d’interacció entre aquestes dades i altres variables de context, es farà ús d'intel·ligència artificial, total o parcialment, per automatitzar l'anàlisi de les interrelacions entre les dades socials i de context, augmentant la precisió i eficàcia en l'obtenció de resultats rellevants per a la gestió territorial, per tal d’assolir i millor i major coneixement sobre el desenvolupament social de cada territori.;No informat;Sí
Eix 4;Informes i quadres de comandament;4.5;Modelatge predictiu de dades;Possibilitat de projectar escenaris futurs, integrant IA per analitzar correlacions i millorar la presa de decisions sobre pressupostos i polítiques públiques.;Espais d’anàlisi i modelatge de dades de caràcter predictiu. Implicaria la possibilitat d’establir anàlisis enfocats a la projecció d’escenaris d’acord amb les dades recollides fins el moment. Es farà ús d'intel·ligència artificial, total o parcialment, per automatitzar l'anàlisi de les interrelacions entre les dades socials i de context, augmentant la precisió i eficàcia en l'obtenció de resultats rellevants per a la gestió territorial. Aquestes projeccions i prognosis estarien orientades a facilitar i a fer més efectiva la pressa de decisions sobre la gestió de pressupostos i polítiques públiques, potenciant la Interconsulta de dades anonimitzades amb altres administracions, amb l’objectiu d’afavorir l’intercanvi de dades com a eina de coneixement social integral.;No informat;Sí
Eix 4;Informes i quadres de comandament;4.6;IA en un dels darrers punts;Només caldrà implementar Intel·ligència Artificial de manera total o parcial en un dels dos últims punts d’anàlisi i modelatge.;Només caldrà implementar IA en un dels dos darrers punts.;No informat;No
Globals;Requisits transversals;5.1;Suport a la multientitat;No informat;Garantir que el sistema Social360 sigui capaç de suportar la gestió multientitat, permetent a diverses entitats utilitzar el sistema de manera compartida;No informat;No informat
Globals;Requisits transversals;5.2;Multinavegador;No informat;No informat;No informat;No informat
Globals;Requisits transversals;5.3;Marc d'interoperabilitat proposat;No informat;En cas que hi hagi dispositius involucrats, caldrà definir conjuntament amb el Departament de Drets Socials els protocols d'integració d'aquests dispositius si el Departament de Drets Socials;No informat;No informat
Globals;Requisits transversals;5.4;Garantir intercanvi de dades amb el DDS (Departament de Drets Socials);No informat;No informat;No informat;No informat
Globals;Requisits transversals;5.5;Sistema de login;No informat;No informat;No informat;No informat
Globals;Requisits transversals;5.6;Integració amb persones;Acordar de l'identificador persona a utilitzar. En un principi hauria de ser l'identificador de les aplicacions corporatives. S'acorda el codi únic de la base de dades i el de padró.;No informat;No informat;No informat
Globals;Requisits transversals;5.7;Integració amb territori;Adoptar l'identificador de les adreces de T-Systems;No informat;No informat;No informat
Globals;Requisits transversals;;Prova pilot (global);No informat;No informat;No informat;Sí
Globals;Requisits transversals;;Migració;No informat;No informat;No informat;Sí
